1627354455,0
1627354471,0
1627354486,0
1627354502,0
1627354517,0
1627354532,0
1627354548,0
1627354563,0
1627354579,0
1627354594,0
1627354640,0
1627354748,0
1627354872,0
1627354887,0
1627354903,-770
1627354934,0
1627354949,0
1627354965,0
1627354980,0
1627354996,0
1627355026,0
1627355073,-769
1627355150,0
1627355196,0
1627355227,0
1627355242,0
1627355258,0
1627355319,-450
1627355427,0
1627355458,0
1627355489,0
1627355551,0
1627355566,0
1627355582,0
1627355613,0
1627355628,0
1627355659,0
1627355675,-770
1627355690,-730
1627355716,344
1627355722,472
1627355727,439
1627355774,481
1627355789,480
1627355804,482
1627355835,482
1627355866,486
1627355913,485
1627355998,491
1627356006,487
1627356012,489
1627356019,488
1627356024,486
1627356035,492
1627356041,472
1627356051,331
1627356057,351
1627356062,330
1627356068,373
1627356100,375
1627356122,415
1627356128,462
1627356133,391
1627356144,339
1627356160,465
1627356166,480
1627356177,471
1627356182,336
1627356187,327
1627356193,337
1627356198,451
1627356204,334
1627356209,336
1627356215,467
1627356222,399
1627356243,491
1627356258,490
1627356273,492
1627356289,495
1627356310,383
1627356321,429
1627356327,356
1627356345,359
1627356349,390
1627356359,407
1627356370,481
1627356398,490
1627356408,365
1627356414,379
1627356419,331
1627356430,332
1627356446,342
1627356452,383
1627356457,476
1627356463,482
1627356468,489
1627356474,353
1627356484,336
1627356495,358
1627356507,389
1627356517,325
1627356539,339
1627356545,336
1627356550,334
1627356561,329
1627356572,327
1627356583,326
1627356594,327
1627356599,318
1627356610,337
1627356626,421
1627356642,323
1627356653,344
1627356659,347
1627356664,369
1627356669,388
1627356675,348
1627356680,361
1627356686,340
1627356702,468
1627356739,485
1627356769,487
1627356790,322
1627356796,365
1627356812,339
1627356817,378
1627356823,366
1627356828,367
1627356834,373
1627356845,489
1627356850,491
1627356856,496
1627356931,327
1627356942,334
1627356947,361
1627356974,341
1627356985,371
1627357018,366
1627357034,355
1627357050,317
1627357070,318
1627357072,316
1627357077,318
1627357094,325
1627357105,321
1627357116,321
1627357121,326
1627357137,372
1627357143,391
1627357165,371
1627357176,366
1627357192,366
1627357219,322
1627357230,322
1627357246,338
1627357251,357
1627357262,488
1627357268,475
1627357273,409
1627357284,387
1627357295,393
1627357317,355
1627357328,333
1627357333,326
1627357344,325
1627357349,328
1627357355,330
1627357360,323
1627357371,322
1627357382,332
1627357393,467
1627357399,459
1627357409,333
1627357426,353
1627357431,344
1627357437,347
1627357458,317
1627357469,317
1627357474,321
1627357491,331
1627357496,324
1627357507,317
1627357513,323
1627357523,333
1627357529,327
1627357534,324
1627357540,343
1627357561,484
1627357576,485
1627357587,470
1627357598,322
1627357604,319
1627357609,343
1627357615,318
1627357631,328
1627357636,321
1627357658,316
1627357669,393
1627357674,483
1627357680,328
1627357690,355
1627357707,342
1627357712,340
1627357718,350
1627357723,341
1627357734,324
1627357745,380
1627357756,360
1627357761,333
1627357767,307
1627357789,460
1627357800,423
1627357827,313
1627357832,352
1627357849,340
1627357854,350
1627357865,473
1627357898,365
1627357908,319
1627357936,450
1627357947,379
1627357994,480
1627358000,347
1627358397,475
1627358434,-730
1627358449,628
1627358527,315
1627358538,305
1627358554,325
1627358560,397
1627358576,287
1627369234,418
1627369249,419
1627369295,422
1627369314,420
1627369341,421
1627369357,422
1627369388,420
1627369435,424
1627369496,435
1627369527,433
1627369542,434
1627369558,434
1627369589,433
1627369604,435
1627369620,436
1627369650,435
1627369697,438
1627369712,440
1627369728,438
1627369758,436
1627369774,440
1627369805,438
1627369820,440
1627369851,438
1627369882,441
1627369913,444
1627369959,447
1627369975,447
1627370021,449
1627370037,450
1627370061,442
1627370066,445
1627370072,452
1627370088,448
1627370099,440
1627370110,441
1627370132,441
1627370147,461
1627370194,464
1627370210,465
1627370240,465
1627370255,465
1627370271,595
1627370283,378
1627370289,327
1627370299,454
1627370310,464
1627370326,465
1627370357,467
1627370403,467
1627370422,375
1627370439,371
1627370466,345
1627370493,299
1627370498,289
1627370504,284
1627370514,283
1627370525,283
1627370531,281
1627370542,281
1627370547,303
1627370574,391
1627370585,398
1627370630,356
1627370646,314
1627370652,290
1627370662,304
1627370690,294
1627370695,289
1627370701,285
1627370706,282
1627370717,277
1627370722,272
1627370728,307
1627370750,286
1627370755,287
1627370761,280
1627370766,275
1627370771,271
1627370777,273
1627370788,286
1627370793,303
1627370799,345
1627370804,391
1627370810,393
1627370815,393
1627370826,380
1627370837,287
1627370842,318
1627370848,297
1627370880,278
1627370886,306
1627370896,298
1627370902,296
1627370946,373
1627370951,297
1627370962,284
1627370989,320
1627371000,301
1627371005,297
1627371016,291
1627371044,299
1627371049,297
1627371054,297
1627371060,297
1627371065,315
1627371071,340
1627371082,285
1627371098,285
1627371103,292
1627371131,292
1627371136,312
1627371142,334
1627371147,344
1627371153,331
1627371180,287
1627371185,285
1627371196,287
1627371202,297
1627371207,290
1627371229,285
1627371234,317
1627371240,311
1627371245,312
1627371256,340
1627371313,396
1627371334,336
1627371339,308
1627371350,288
1627371361,293
1627371372,292
1627371388,292
1627371394,293
1627371399,292
1627371410,292
1627371421,295
1627371426,293
1627371432,292
1627371437,292
1627371448,294
1627371464,285
1627371470,284
1627371475,284
1627371486,290
1627371492,289
1627371519,285
1627371541,280
1627371546,276
1627371552,305
1627371557,298
1627371573,286
1627371595,279
1627371617,279
1627371628,295
1627371633,292
1627371661,293
1627371672,296
1627371683,310
1627371688,321
1627371694,327
1627371704,394
1627371715,280
1627371721,291
1627371726,287
1627371748,295
1627371759,286
1627371770,281
1627371786,299
1627371802,300
1627371808,297
1627371813,294
1627371819,293
1627371830,299
1627371841,300
1627371851,308
1627371857,318
1627371873,397
1627371879,399
1627371889,399
1627371908,296
1627371913,306
1627371919,289
1627371924,321
1627371962,321
1627371973,298
1627371978,291
1627371984,282
1627372000,304
1627372011,308
1627372016,331
1627372022,393
1627372033,356
1627372044,307
1627372049,297
1627372060,297
1627372076,381
1627372081,395
1627372090,370
1627372100,283
1627372105,306
1627372111,383
1627372124,361
1627372130,285
1627372141,275
1627372177,396
1627372192,396
1627372254,395
1627372301,396
1627372331,395
1627372347,395
1627372378,395
1627372409,395
1627372440,395
1627372532,395
1627372548,395
1627372579,395
1627372610,395
1627372625,395
1627372671,396
1627372687,395
1627372702,395
1627372748,395
1627372841,395
1627372949,395
1627372995,395
1627373026,395
1627373042,395
1627373073,395
1627373119,395
1627373134,396
1627373165,395
1627373196,395
1627373227,395
1627373242,395
1627373258,396
1627373273,396
1627373289,396
1627373304,396
1627373320,396
1627373351,396
1627373381,396
1627373397,396
1627373413,396
1627373443,396
1627373492,301
1627373497,383
1627373503,392
1627373518,392
1627373531,493
1627373547,630
1627373562,472
1627373593,0
1627373608,-371
1627373639,0
1627373701,-414
1627373763,0
1627373794,-247
1627373809,-256
1627373840,-412
1627373871,-414
1627373887,-418
1627373902,-267
1627373933,-607
1627373964,-219
1627373979,-691
1627374041,-405
1627374071,-543
1627374102,-625
1627374149,-755
1627374164,-337
1627374179,-549
1627374195,-356
1627374241,-411
1627374257,-350
1627374272,-377
1627374334,446
1627374349,0
1627374396,0
1627374411,0
1627374457,0
1627374504,-770
1627374565,-387
1627374596,-415
1627374611,-419
1627374658,0
1627374673,0
1627374688,0
1627374704,0
1627374719,0
1627374750,-770
1627374796,-762
1627374827,0
1627374858,0
1627374935,478
1627374943,479
1627374954,474
1627374963,462
1627374968,329
1627374973,475
1627374984,480
1627374991,486
1627374996,376
1627375013,460
1627375043,491
1627375121,491
1627375136,495
1627375167,498
1627375198,498
1627375275,500
1627375291,501
1627375306,502
1627375321,506
1627375337,502
1627375350,451
1627375382,459
1627375388,494
1627375410,499
1627375415,496
1627375687,337
1627375698,471
1627375704,486
1627375732,324
1627375753,354
1627375758,400
1627375764,404
1627375775,319
1627375785,362
1627375796,342
1627375807,364
1627375813,376
1627375818,352
1627375823,346
1627375829,348
1627375834,374
1627375846,320
1627375851,346
1627375883,351
1627375899,312
1627375905,311
1627375916,314
1627375927,390
1627375932,334
1627375937,378
1627375965,339
1627375976,334
1627375992,333
1627376025,348
1627376030,475
1627376041,322
1627376047,396
1627376052,340
1627376057,329
1627376072,483
1627376077,326
1627376083,348
1627376094,360
1627376116,346
1627376127,319
1627376132,316
1627376138,316
1627376154,318
1627376165,325
1627376181,345
1627376186,400
1627376192,368
1627376197,407
1627376203,370
1627376208,397
1627376213,410
1627376230,403
1627376235,401
1627376241,399
1627376257,488
1627376284,385
1627376301,321
1627376344,343
1627376350,361
1627376355,386
1627376360,373
1627376366,341
1627376377,357
1627376382,338
1627376388,334
1627376393,353
1627376415,355
1627376420,391
1627376462,496
1627376473,366
1627376478,351
1627376489,347
1627376494,343
1627376500,330
1627376505,356
1627376511,336
1627376516,336
1627376521,351
1627376539,352
1627376560,313
1627376565,306
1627376576,310
1627376581,306
1627376603,311
1627376608,311
1627376619,311
1627376630,318
1627376635,316
1627376646,328
1627376652,339
1627376673,346
1627376679,378
1627376701,327
1627376711,329
1627376717,319
1627376722,319
1627376728,319
1627377437,449
1627377448,371
1627377453,381
1627377459,433
1627377484,464
1627377568,-770
1627377630,-730
1627377645,-730
1627377665,317
1627377670,314
1627377675,317
1627377681,303
1627377692,322
1627377697,356
1627377703,368
1627377715,392
1627380218,414
1627380233,415
1627380295,414
1627380310,414
1627380341,415
1627380434,316
1627380449,316
1627380480,316
1627380496,318
1627380511,317
1627380573,316
1627380619,317
1627380666,319
1627380712,316
1627380723,310
1627380727,250
1627380775,316
1627380799,316
1627380890,388
1627380921,388
1627381029,386
1627381045,385
1627381060,390
1627381075,389
1627381106,389
1627381122,389
1627381153,390
1627381199,389
1627381292,389
1627381508,389
1627381523,389
1627381539,389
1627381570,493
1627381600,494
1627381678,499
1627381709,502
1627381724,504
1627381786,503
1627381801,504
1627381817,504
1627381853,432
1627381858,484
1627381869,495
1627381875,456
1627381880,493
1627381891,321
1627381891,372
1627381928,500
1627381959,501
1627381974,504
1627381989,506
1627382035,508
1627382066,475
1627382082,387
1627382104,503
1627382110,502
1627382141,507
1627382187,508
1627382240,402
1627382251,383
1627382278,349
1627382283,421
1627382289,333
1627382300,341
1627382305,365
1627382316,422
1627382332,499
1627382369,400
1627382384,400
1627382397,326
1627382419,271
1627382441,318
1627382452,303
1627382457,301
1627382495,317
1627382522,377
1627382528,392
1627382535,363
1627382540,325
1627382546,301
1627382551,291
1627382562,295
1627382573,309
1627382600,326
1627382606,308
1627382611,302
1627382627,290
1627382638,294
1627382649,319
1627382671,396
1627382676,388
1627382682,341
1627382698,371
1627382704,308
1627382715,290
1627382720,288
1627382731,279
1627382736,315
1627382742,295
1627382747,277
1627382785,391
1627382791,392
1627382796,392
1627382802,312
1627382818,274
1627382873,286
1627382878,279
1627382905,288
1627382911,291
1627382922,295
1627382927,297
1627382933,304
1627382939,328
1627382960,290
1627382965,284
1627382987,346
1627382993,377
1627383008,340
1627383019,296
1627383025,282
1627383036,274
1627383041,301
1627383048,302
1627383068,311
1627383079,299
1627383090,313
1627383101,286
1627383106,322
1627383139,287
1627383144,283
1627383155,271
1627383172,276
1627383177,285
1627383188,300
1627383199,322
1627383205,334
1627383215,314
1627383221,338
1627383243,380
1627383248,382
1627383259,386
1627383306,384
1627383311,325
1627383322,298
1627383328,283
1627383333,283
1627383355,277
1627383360,277
1627383382,279
1627383409,385
1627383415,386
1627383420,385
1627383442,308
1627383448,314
1627383459,289
1627383464,297
1627383469,283
1627383480,273
1627383502,271
1627383507,280
1627383513,286
1627383524,293
1627383535,292
1627383540,294
1627383546,309
1627383556,382
1627383562,356
1627383567,282
1627383589,337
1627383600,374
1627383617,300
1627383627,311
1627383649,317
1627383660,325
1627383666,371
1627383671,334
1627383676,353
1627383682,346
1627383709,354
1627383714,343
1627383720,310
1627383731,340
1627383742,325
1627383752,366
1627383763,314
1627383800,462
1627383825,343
1627383831,331
1627383847,354
1627383853,399
1627383858,495
1627383889,486
1627383908,477
1627383914,311
1627383930,375
1627383935,388
1627383941,352
1627383946,359
1627383962,366
1627383993,433
1627384014,310
1627384041,454
1627384052,313
1627384064,297
1627384069,314
1627384096,377
1627384112,482
1627384117,343
1627384133,437
1627384139,350
1627384155,454
1627384161,425
1627384212,485
1627384224,486
1627384245,627
1627384260,475
1627384276,255
1627384291,200
1627384337,0
1627384384,-322
1627384445,0
1627384492,-393
1627384507,0
1627384522,-398
1627384538,-269
1627384553,0
1627384569,-766
1627384584,-751
1627384635,0
1627384692,-751
1627384708,0
1627384785,0
1627384801,-273
1627384832,-770
1627384909,-486
1627384924,-751
1627384940,-342
1627384955,0
1627384986,-291
1627385017,-381
1627385063,-350
1627385079,-419
1627385125,-319
1627385140,-283
1627385156,0
1627385171,0
1627385295,-329
1627385341,-760
1627385403,-770
1627385418,-735
1627385434,-770
1627385474,-574
1627385481,-676
1627385502,384
1627385555,388
1627385556,393
1627385569,392
1627385600,387
1627385616,390
1627385631,390
1627385644,390
1627385682,397
1627385713,468
1627385775,465
1627385790,466
1627385836,463
1627385852,465
1627385898,468
1627385929,469
1627385945,468
1627385960,467
1627385977,461
1627385982,412
1627385988,339
1627385993,335
1627386007,313
1627386031,339
1627386037,459
1627386053,466
1627386064,338
1627386069,349
1627386075,324
1627386091,319
1627386097,327
1627386102,354
1627386370,465
1627386419,355
1627386425,451
1627386435,311
1627386441,307
1627386468,339
1627386474,371
1627386479,363
1627386495,459
1627386506,337
1627386517,397
1627386523,383
1627386528,460
1627386533,377
1627386539,369
1627386550,457
1627386555,466
1627386566,315
1627386571,321
1627386577,332
1627386582,351
1627386626,332
1627386631,333
1627386653,332
1627386669,337
1627386680,316
1627386686,362
1627386691,347
1627386696,352
1627386718,337
1627386724,351
1627386729,422
1627386735,438
1627386751,351
1627386756,353
1627386773,323
1627386778,362
1627386789,343
1627386800,334
1627386816,338
1627386823,333
1627386838,326
1627386843,349
1627386849,469
1627386860,401
1627386876,361
1627386882,345
1627386887,339
1627386892,345
1627386899,383
1627386931,357
1627386936,355
1627386947,435
1627386952,327
1627386969,469
1627386974,477
1627386990,345
1627387007,335
1627387041,326
1627387045,324
1627387072,330
1627387077,334
1627387083,332
1627387094,351
1627387099,373
1627387104,357
1627387121,339
1627387153,357
1627387159,352
1627387164,328
1627387186,338
1627387202,472
1627387213,328
1627387235,319
1627387240,326
1627387262,339
1627387267,336
1627387273,343
1627387306,356
1627387311,333
1627387333,391
1627387344,349
1627387349,394
1627387354,388
1627387371,475
1627387975,424
1627388007,623
1627388038,-730
1627388084,624
1627388115,-730
1627388130,-730
1627388172,452
1627388177,346
1627388183,339
1627388199,313
1627388204,346
1627388215,445
1627393792,445
1627393807,447
1627393838,444
1627393854,447
1627393885,446
1627393931,446
1627393993,445
1627394039,447
1627394070,450
1627394085,452
1627394101,452
1627394116,453
1627394147,449
1627394163,451
1627394178,452
1627394194,448
1627394348,458
1627394392,458
1627394402,466
1627394419,339
1627394425,453
1627394435,351
1627394471,471
1627394487,473
1627394502,472
1627394549,476
1627394564,475
1627394595,606
1627394601,406
1627394606,359
1627394612,325
1627394617,405
1627394623,465
1627394628,470
1627394664,475
1627394695,476
1627394726,477
1627394742,534
1627394758,343
1627394768,363
1627394785,370
1627394790,375
1627394796,323
1627394801,361
1627394807,300
1627394817,306
1627394828,419
1627394834,423
1627394870,352
1627394876,342
1627394886,371
1627394892,333
1627394903,304
1627394908,331
1627394913,334
1627394919,326
1627394935,307
1627394978,420
1627395009,424
1627395020,408
1627395026,348
1627395037,314
1627395058,325
1627395064,322
1627395069,324
1627395075,321
1627395086,318
1627395102,315
1627395113,313
1627395124,308
1627395129,303
1627395135,299
1627395140,301
1627395151,312
1627395167,312
1627395173,300
1627395189,317
1627395205,309
1627395227,297
1627395232,294
1627395238,330
1627395243,322
1627395249,316
1627395254,313
1627395259,308
1627395270,317
1627395276,313
1627395287,310
1627395292,309
1627395297,307
1627395303,298
1627395308,294
1627395330,288
1627395352,297
1627395357,298
1627395395,308
1627395422,308
1627395428,295
1627395433,285
1627395439,316
1627395444,311
1627395466,403
1627395472,405
1627395488,407
1627395507,406
1627395545,326
1627395550,300
1627395556,323
1627395561,309
1627395572,355
1627395583,347
1627395588,362
1627395594,334
1627395599,336
1627395605,303
1627395610,396
1627395637,404
1627395652,407
1627395683,408
1627395701,308
1627395708,385
1627395758,409
1627395799,409
1627395804,356
1627395810,392
1627395815,324
1627395821,360
1627395826,398
1627395843,325
1627395869,407
1627395900,409
1627395915,412
1627395931,411
1627395946,410
1627395962,412
1627395973,288
1627396000,286
1627396005,290
1627396036,405
1627396082,409
1627396111,306
1627396116,297
1627396122,305
1627396133,277
1627396144,268
1627396149,265
1627396171,264
1627396182,260
1627396193,265
1627396214,260
1627396220,267
1627396225,275
1627396231,291
1627396236,285
1627396253,284
1627396258,301
1627396263,292
1627396269,328
1627396274,315
1627396280,310
1627396291,294
1627396302,331
1627396313,345
1627396323,345
1627396339,479
1627396354,478
1627396370,478
1627396385,479
1627396432,477
1627396447,477
1627396478,475
1627396493,479
1627396524,479
1627396540,479
1627396555,480
1627396571,479
1627396601,480
1627396617,479
1627396694,479
1627396787,480
1627396879,480
1627396926,480
1627396956,479
1627396972,481
1627397018,482
1627397034,479
1627397049,482
1627397080,482
1627397142,480
1627397157,482
1627397188,482
1627397219,480
1627397234,482
1627397250,481
1627397312,482
1627397343,483
1627397389,480
1627397404,480
1627397435,479
1627397497,482
1627397543,479
1627397574,480
1627397651,482
1627397667,483
1627397713,480
1627397729,481
1627397744,483
1627397790,482
1627397806,483
1627397852,483
1627397883,481
1627397945,481
1627397960,483
1627397976,482
1627397991,482
1627398053,483
1627398115,481
1627398130,483
1627398161,486
1627398176,487
1627398192,485
1627398254,484
1627398269,484
1627398285,485
1627398316,486
1627398331,484
1627398347,483
1627398409,486
1627398469,485
1627398474,484
1627398480,486
1627398494,339
1627398505,340
1627398521,484
1627398526,480
1627398542,490
1627398573,625
1627398589,-377
1627398620,-405
1627398635,-405
1627398681,-396
1627398697,0
1627398712,-348
1627398789,-393
1627398836,-411
1627398851,-408
1627398897,-409
1627398913,-409
1627398928,-409
1627398974,-407
1627398990,-407
1627399005,-408
1627399036,-409
1627399052,-407
1627399067,-407
1627399082,-408
1627399113,-407
1627399144,0
1627399175,212
1627399190,261
1627399237,263
1627399252,262
1627399268,262
1627399345,261
1627399360,263
1627399376,267
1627399422,263
1627399437,262
1627399453,263
1627399468,262
1627399499,262
1627399545,264
1627399576,261
1627399607,263
1627399638,264
1627399653,262
1627399684,261
1627399715,262
1627399730,261
1627399761,262
1627399838,261
1627399931,261
1627399962,263
1627399977,262
1627400039,337
1627400055,338
1627400086,337
1627400116,334
1627400132,334
1627400147,335
1627400178,333
1627400194,334
1627400209,333
1627400224,335
1627400255,336
1627400286,335
1627400302,335
1627400333,336
1627400363,335
1627400456,339
1627400472,336
1627400487,334
1627400533,335
1627400549,336
1627400611,336
1627400626,336
1627400672,335
1627400718,335
1627400734,336
1627400749,335
1627400765,335
1627400780,336
1627400796,336
1627400826,336
1627400857,337
1627400873,336
1627400919,333
1627400935,337
1627400965,336
1627401058,336
1627401073,336
1627401089,336
1627401135,337
1627401166,336
1627401181,335
1627401212,336
1627401259,337
1627401274,336
1627401289,335
1627401305,337
1627401351,0
1627401398,0
1627401413,-407
1627401429,-288
1627401444,-411
1627401490,-240
1627401506,-472
1627401552,-409
1627401614,-416
1627401676,-418
1627401691,-417
1627401722,-417
1627401768,-379
1627401799,-422
1627401815,-422
1627401830,-310
1627401861,-421
1627401892,-332
1627401907,-412
1627401923,-423
1627401938,-351
1627401969,-348
1627401984,-348
1627402015,-385
1627402062,-376
1627402077,-358
1627402217,379
1627402222,346
1627402241,462
1627402272,468
1627402288,467
1627402303,469
1627402319,470
1627402334,471
1627402349,469
1627402365,471
1627402386,458
1627402396,432
1627402402,469
1627402424,465
1627402451,473
1627402467,474
1627402498,477
1627402513,478
1627402528,479
1627402607,416
1627402629,326
1627402651,330
1627402656,329
1627402662,337
1627402667,343
1627402673,345
1627402684,316
1627402689,320
1627402695,329
1627402711,323
1627402722,324
1627402727,346
1627402733,384
1627402744,469
1627402780,380
1627402785,376
1627402796,364
1627402807,337
1627402818,353
1627402823,348
1627402829,335
1627402834,324
1627402840,334
1627402845,347
1627402862,335
1627402873,348
1627402889,365
1627402905,439
1627402927,386
1627402932,343
1627402943,350
1627402965,336
1627402976,334
1627402981,333
1627402987,347
1627402998,371
1627403009,361
1627403036,472
1627403058,335
1627403069,349
1627403074,342
1627403090,366
1627403096,351
1627403101,343
1627403112,294
1627403118,303
1627403123,352
1627403140,276
1627403145,285
1627403150,278
1627403156,276
1627403161,283
1627403199,347
1627403218,277
1627403234,352
1627403242,352
1627403247,337
1627403818,-730
1627403833,-730
1627403849,-730
1627403858,-730
1627403863,-622
1627403880,329
1627403890,416
1627403912,411
1627452543,318
1627452559,408
1627452601,354
1627452612,327
1627452623,304
1627452634,400
1627452650,372
1627452656,392
1627452677,389
1627452708,381
1627452723,380
1627452754,380
1627452770,380
1627452785,380
1627452862,474
1627452908,472
1627452924,472
1627452939,476
1627452955,472
1627452986,477
1627453001,477
1627453016,477
1627453109,475
1627453201,483
1627453232,485
1627453356,488
1627453387,488
1627453464,490
1627453495,491
1627453541,490
1627453572,491
1627453624,407
1627453634,316
1627453677,489
1627453724,490
1627453739,492
1627453770,495
1627453801,494
1627453817,497
1627453857,482
1627453863,487
1627453909,476
1627453925,476
1627453930,423
1627453936,303
1627453969,304
1627454011,486
1627454042,487
1627454057,489
1627454073,490
1627454088,490
1627454103,490
1627454109,375
1627454125,331
1627454131,427
1627454136,383
1627454191,381
1627454207,382
1627454234,354
1627454240,348
1627454251,337
1627454256,333
1627454262,326
1627454267,374
1627454272,356
1627454278,347
1627454299,387
1627454310,347
1627454332,356
1627454338,342
1627454343,329
1627454359,482
1627454390,485
1627454421,485
1627454452,486
1627454457,397
1627454506,323
1627454512,422
1627454517,360
1627454561,485
1627454566,490
1627454619,585
1627454641,360
1627454653,591
1627454662,458
1627454689,498
1627454695,366
1627454705,365
1627454711,359
1627454716,385
1627454733,514
1627454772,595
1627454783,579
1627454788,574
1627454794,598
1627454801,594
1627454806,564
1627454817,500
1627454836,601
1627454842,499
1627454847,501
1627454852,447
1627454858,409
1627454863,570
1627454870,598
1627454892,499
1627454917,386
1627454928,404
1627454941,594
1627454946,417
1627454951,421
1627454971,523
1627454977,372
1627454988,403
1627455009,405
1627455041,390
1627455072,391
1627455077,347
1627455083,304
1627455094,392
1627455099,340
1627455104,363
1627455116,389
1627455127,301
1627455147,284
1627455174,391
1627455179,394
1627455190,314
1627455212,303
1627455217,286
1627455245,388
1627455276,395
1627455307,396
1627455323,396
1627455354,397
1627455376,397
1627455383,397
1627455399,397
1627455427,397
1627455438,397
1627455444,397
1627455451,397
1627455462,391
1627455500,400
1627455516,400
1627455562,400
1627455577,400
1627455593,-770
1627455624,0
1627455655,0
1627455701,0
1627455716,0
1627455732,0
1627455747,-442
1627455763,0
1627455778,0
1627455793,-770
1627455855,-454
1627455886,0
1627455933,0
1627455948,0
1627455963,0
1627455979,-764
1627456010,0
1627456025,0
1627456056,0
1627456062,0
1627456073,0
1627456078,0
1627456084,0
1627456089,0
1627456132,0
1627456147,-621
1627456178,0
1627456193,0
1627456209,0
1627456255,0
1627456286,0
1627456301,-502
1627456363,-523
1627456394,-277
1627456409,0
1627456471,0
1627456502,0
1627456517,0
1627456548,0
1627456564,0
1627456595,0
1627456641,0
1627456672,0
1627456703,0
1627456734,0
1627456749,-770
1627456765,0
1627456780,0
1627456796,0
1627456811,0
1627456842,0
1627456858,0
1627456873,0
1627456919,0
1627456966,0
1627457027,0
1627457136,0
1627457166,0
1627457213,0
1627457228,0
1627457244,0
1627457259,0
1627457274,0
1627457290,0
1627457321,0
1627457398,0
1627457460,0
1627457491,0
1627457506,-770
1627457522,282
1627457537,0
1627457553,0
1627457568,0
1627457599,0
1627457614,0
1627457630,0
1627457661,0
1627457692,-770
1627457707,0
1627457723,0
1627457753,0
1627457769,0
1627457784,0
1627457800,0
1627457815,0
1627457831,0
1627457846,0
1627457877,0
1627457893,0
1627457923,0
1627457954,0
1627457985,0
1627458001,0
1627458016,0
1627458078,0
1627458140,0
1627458171,0
1627458186,0
1627458232,0
1627458248,0
1627458263,0
1627458294,0
1627458356,-770
1627458371,0
1627458387,0
1627458418,0
1627458449,0
1627458464,0
1627458480,0
1627458541,0
1627458557,0
1627458572,0
1627458588,0
1627458619,0
1627458634,0
1627458665,0
1627458696,0
1627458711,0
1627458758,0
1627458773,0
1627458788,0
1627458804,0
1627458819,0
1627458897,0
1627458912,0
1627458943,0
1627458958,0
1627459036,0
1627459051,0
1627459067,0
1627459144,0
1627459159,0
1627459221,0
1627459283,0
1627459360,0
1627459375,0
1627459391,0
1627459406,0
1627459468,0
1627459525,292
1627459530,282
1627459536,285
1627459552,253
1627459568,263
1627459574,270
1627459579,285
1627459590,288
1627459595,295
1627459617,304
1627459628,273
1627459633,303
1627459650,278
1627459697,0
1627459728,0
1627459747,0
1627459775,0
1627459813,0
1627459829,0
1627459844,0
1627459860,0
1627459866,0
1627459871,0
1627459886,0
1627459902,0
1627459917,0
1627459933,0
1627459948,-770
1627459964,0
1627459979,0
1627460010,0
1627460025,0
1627460072,382
1627460118,376
1627460133,377
1627460149,-770
1627460164,-770
1627460180,0
1627460303,0
1627460319,0
1627460338,0
1627460354,0
1627460359,0
1627460375,0
1627460406,0
1627460411,0
1627460433,0
1627460444,0
1627460460,0
1627460491,0
1627460497,0
1627460507,0
1627460546,0
1627460551,0
1627460556,0
1627460562,0
1627460578,0
1627460594,0
1627460623,0
1627460636,-770
1627460657,-682
1627460692,-730
1627460733,334
1627460739,341
1627460755,337
1627460761,352
1627460777,454
1627460839,473
1627460854,474
1627460885,477
1627460931,477
1627460977,481
1627461054,484
1627461147,494
1627461163,496
1627461183,401
1627461188,453
1627461194,492
1627461256,499
1627461271,498
1627461302,501
1627461348,502
1627461364,504
1627461395,506
1627461457,508
1627461487,505
1627461503,502
1627461534,502
1627461565,497
1627461596,498
1627461616,458
1627461622,488
1627461637,495
1627461653,495
1627461668,496
1627461684,499
1627461715,500
1627461730,502
1627461745,502
1627461761,502
1627461782,498
1627461787,497
1627461799,501
1627461834,497
1627461839,500
1627461854,500
1627461885,497
1627461891,485
1627461896,497
1627461912,499
1627461917,446
1627461944,411
1627461966,490
1627461982,499
1627461988,500
1627461993,493
1627462194,345
1627462199,320
1627462205,367
1627462210,363
1627462217,428
1627462227,400
1627462232,320
1627462237,320
1627462248,319
1627462254,336
1627462297,336
1627462302,405
1627462313,333
1627462335,353
1627462341,382
1627462351,356
1627462357,348
1627462368,344
1627462373,380
1627462389,488
1627462398,488
1627462403,345
1627462420,314
1627462425,345
1627462431,325
1627462441,351
1627462447,343
1627462458,370
1627462463,480
1627462469,487
1627462474,434
1627462496,356
1627462501,348
1627462507,345
1627462518,476
1627462529,496
1627462534,399
1627462545,359
1627462550,482
1627462588,491
1627462593,353
1627462604,383
1627462616,428
1627463173,470
1627463188,470
1627463203,469
1627463280,470
1627463309,470
1627463326,416
1627463352,-747
1627463367,598
1627463414,-730
1627463429,-730
1627463450,404
1627463461,357
1627463466,350
1627463483,478
1627463494,412
1627463499,467
1627463519,480
1627463525,404
1627463530,415
1627463538,475
1627463559,302
1627463565,304
1627489249,471
1627489264,471
1627489280,469
1627489295,471
1627489311,471
1627489357,471
1627489372,472
1627489403,472
1627489450,470
1627489542,472
1627489558,471
1627489573,472
1627489589,471
1627489604,472
1627489620,471
1627489635,471
1627489666,471
1627489682,472
1627489713,473
1627489759,472
1627489774,472
1627489790,471
1627489821,471
1627489836,472
1627489852,471
1627489883,472
1627489898,472
1627489913,471
1627489929,472
1627489976,456
1627489981,424
1627490003,442
1627490014,328
1627490025,475
1627490030,477
1627490046,477
1627490076,478
1627490092,481
1627490123,477
1627490138,478
1627490154,477
1627490170,368
1627490186,326
1627490213,309
1627490219,413
1627490230,348
1627490241,396
1627490257,478
1627490281,359
1627490291,370
1627490324,324
1627490335,321
1627490351,385
1627490362,364
1627490367,327
1627490384,320
1627490400,344
1627490411,347
1627490416,365
1627490444,383
1627490465,380
1627490471,335
1627490482,359
1627490487,338
1627490492,324
1627490503,346
1627490531,311
1627490536,314
1627490563,378
1627490569,366
1627490574,363
1627490585,345
1627490612,320
1627490617,320
1627490628,316
1627490634,348
1627490639,355
1627490683,304
1627490688,262
1627490694,307
1627490705,283
1627490716,269
1627490754,272
1627490759,269
1627490776,263
1627490797,283
1627490803,283
1627490814,281
1627490841,273
1627490846,271
1627490857,263
1627490863,262
1627490873,268
1627490879,273
1627490895,269
1627490901,264
1627490906,264
1627490917,272
1627490939,291
1627490955,292
1627490977,293
1627490987,292
1627490998,296
1627491009,277
1627491053,297
1627491058,304
1627491064,298
1627491091,270
1627491096,267
1627491107,268
1627491112,264
1627491123,278
1627491134,269
1627491145,262
1627491156,266
1627491161,263
1627491172,267
1627491183,272
1627491188,266
1627491199,295
1627491205,343
1627491262,459
1627491283,390
1627491294,335
1627491315,336
1627491321,350
1627491326,321
1627491332,347
1627491337,322
1627491343,315
1627491353,321
1627491359,333
1627491397,342
1627491408,324
1627491413,321
1627491418,316
1627491424,361
1627491440,386
1627491456,377
1627491467,373
1627491473,437
1627491478,371
1627491489,370
1627491494,343
1627491500,328
1627491511,320
1627491527,297
1627491543,296
1627491549,301
1627491554,302
1627491560,302
1627491565,302
1627491581,313
1627491587,314
1627491592,309
1627491603,306
1627491614,310
1627491641,303
1627491652,300
1627491663,300
1627491669,300
1627491685,326
1627491696,323
1627491701,328
1627491707,329
1627491712,328
1627491718,325
1627491723,323
1627491729,323
1627491734,317
1627491739,319
1627491750,399
1627491756,404
1627491806,407
1627491817,312
1627491827,307
1627491839,323
1627491844,323
1627491849,324
1627491914,370
1627491919,328
1627491925,300
1627491941,323
1627491947,309
1627491952,315
1627491958,328
1627491974,401
1627491985,402
1627491990,402
1627492021,404
1627492026,331
1627492043,343
1627492048,311
1627492054,353
1627492065,310
1627492086,328
1627492097,335
1627492102,398
1627492113,401
1627492125,327
1627492130,312
1627492151,301
1627492173,384
1627492178,318
1627492184,342
1627492189,320
1627492206,367
1627492211,371
1627492216,376
1627492244,459
1627492249,405
1627492265,365
1627492271,450
1627492276,343
1627492287,366
1627492293,447
1627492304,339
1627492315,330
1627492337,438
1627492347,487
1627492378,475
1627492394,474
1627492399,472
1627492414,465
1627492432,465
1627492443,471
1627492448,295
1627492454,299
1627492471,319
1627492616,490
1627492631,491
1627492662,493
1627492709,493
1627492724,492
1627492760,494
1627492828,492
1627492859,493
1627492889,493
1627492905,493
1627492936,494
1627492982,491
1627493029,491
1627493044,492
1627493075,491
1627493090,490
1627493137,489
1627493168,490
1627493214,490
1627493245,491
1627493276,490
1627493307,491
1627493322,491
1627493338,492
1627493369,491
1627493384,493
1627493446,492
1627493461,493
1627493510,492
1627493541,494
1627493556,494
1627493572,493
1627493603,494
1627493633,495
1627493710,495
1627493726,495
1627493741,496
1627493757,496
1627493819,496
1627493834,497
1627493850,499
1627493865,497
1627493880,497
1627493911,497
1627493927,497
1627493953,372
1627493959,459
1627493964,475
1627493977,478
1627493982,385
1627493993,382
1627494025,511
1627494034,511
1627494039,509
1627494055,627
1627494070,-766
1627494101,0
1627494194,-538
1627494210,-522
1627494240,-757
1627494287,-545
1627494317,-770
1627494333,-712
1627494394,0
1627494410,-770
1627494441,-765
1627494456,-556
1627494549,0
1627494611,-552
1627494642,-462
1627494672,-573
1627494688,-770
1627494703,-770
1627494716,0
1627494722,390
1627494728,391
1627494749,292
1627494754,211
1627494765,326
1627494776,257
1627494803,263
1627494808,0
1627494891,457
1627494906,455
1627494937,457
1627494953,455
1627494999,456
1627495056,437
1627495067,451
1627495102,470
1627495113,453
1627495124,469
1627495131,471
1627495162,471
1627495193,472
1627495210,363
1627495216,358
1627495226,353
1627495232,361
1627495237,390
1627495243,362
1627495253,336
1627495270,324
1627495275,339
1627495281,325
1627495297,394
1627495303,389
1627495314,343
1627495325,342
1627495330,394
1627495336,344
1627495346,322
1627495357,366
1627495374,324
1627495385,313
1627495390,310
1627495406,304
1627495417,299
1627495423,299
1627495434,298
1627495439,297
1627495450,279
1627495455,283
1627495482,281
1627495493,334
1627495504,343
1627495526,282
1627495548,280
1627495559,282
1627495564,285
1627495570,283
1627495575,285
1627495586,297
1627495602,281
1627495624,276
1627495629,277
1627495635,274
1627495640,275
1627495646,277
1627495662,275
1627495673,282
1627495684,300
1627495694,287
1627495733,275
1627495743,297
1627495754,287
1627495760,282
1627495776,274
1627495781,274
1627495798,272
1627495803,272
1627495830,279
1627495841,314
1627495857,339
1627495863,289
1627495912,296
1627495923,290
1627495928,280
1627495955,312
1627495966,375
1627495971,375
1627495987,377
1627496002,377
1627496008,318
1627496019,300
1627496024,273
1627496040,301
1627496046,299
1627496051,291
1627496057,284
1627496079,292
1627496084,279
1627496095,274
1627496100,276
1627496106,275
1627496117,277
1627496122,282
1627496128,281
1627496144,289
1627496149,288
1627496155,288
1627496160,293
1627496166,283
1627496171,278
1627496176,281
1627496198,283
1627496203,294
1627496214,364
1627496225,373
1627496231,374
1627496237,343
1627496242,280
1627496248,282
1627496259,303
1627496264,287
1627496291,371
1627496308,344
1627496330,301
1627496335,291
1627496341,291
1627496346,292
1627496357,299
1627496363,290
1627496384,322
1627496390,309
1627496395,275
1627496401,290
1627496422,285
1627496428,280
1627496439,300
1627496450,354
1627496461,285
1627496471,295
1627496493,372
1627496504,293
1627496515,294
1627496521,308
1627496526,324
1627496547,375
1627496596,339
1627496601,373
1627496606,375
1627497187,622
1627497218,-730
1627497233,-730
1627497265,-627
1627497276,-544
1627497281,-530
1627497297,298
1627497303,298
1627497308,267
1627497314,310
1627497319,272
1627497335,313
1627518532,257
1627518600,310
1627518616,288
1627518621,273
1627518627,288
1627518633,255
1627518644,259
1627518737,380
1627518752,380
1627518783,380
1627518829,380
1627518860,380
1627518875,380
1627518906,380
1627518922,380
1627518937,380
1627518953,380
1627518983,380
1627519061,380
1627519091,380
1627519123,380
1627519138,380
1627519169,380
1627519184,380
1627519261,380
1627519277,380
1627519292,380
1627519308,380
1627519323,380
1627519339,380
1627519385,380
1627519416,380
1627519431,380
1627519477,380
1627519508,380
1627519524,380
1627519586,380
1627519601,380
1627519663,380
1627519678,380
1627519693,380
1627519709,380
1627519740,380
1627519755,380
1627519786,380
1627519802,380
1627519833,382
1627519848,380
1627519863,380
1627519879,380
1627519894,380
1627519971,380
1627519987,380
1627520033,380
1627520079,380
1627520095,380
1627520110,381
1627520126,380
1627520157,380
1627520187,380
1627520203,380
1627520219,380
1627520234,380
1627520265,380
1627520280,380
1627520295,380
1627520342,380
1627520373,380
1627520388,380
1627520419,380
1627520466,383
1627520481,380
1627520496,380
1627520620,380
1627520682,380
1627520697,380
1627520713,380
1627520821,380
1627520836,380
1627520867,380
1627520882,380
1627520929,380
1627520944,380
1627520960,380
1627520975,380
1627521006,380
1627521022,380
1627521028,380
1627521034,351
1627521039,332
1627521044,342
1627521050,329
1627521057,373
1627521063,265
1627521068,272
1627521089,392
1627521151,392
1627521167,392
1627521182,392
1627521213,392
1627521244,392
1627521259,393
1627521282,281
1627521288,374
1627521319,397
1627521335,397
1627521377,397
1627521383,354
1627521394,359
1627521410,262
1627521415,264
1627521442,392
1627521457,392
1627521473,392
1627521504,392
1627521565,393
1627521596,373
1627521601,324
1627521607,303
1627521613,336
1627521618,318
1627521629,325
1627521640,286
1627521645,289
1627521651,280
1627521662,299
1627521672,360
1627521694,300
1627521711,290
1627521716,282
1627521732,298
1627521738,303
1627521743,311
1627521765,396
1627521805,296
1627521810,285
1627521827,291
1627521832,283
1627521838,276
1627521864,392
1627521879,392
1627521895,393
1627521914,319
1627521925,343
1627521942,287
1627521947,275
1627521958,271
1627521969,277
1627521991,286
1627521996,284
1627522007,319
1627522012,298
1627522018,289
1627522034,298
1627522051,282
1627522056,279
1627522062,277
1627522067,276
1627522072,276
1627522089,273
1627522100,274
1627522105,273
1627522110,274
1627522116,276
1627522127,273
1627522138,274
1627522143,275
1627522154,286
1627522165,290
1627522176,280
1627522214,279
1627522225,281
1627522235,281
1627522241,281
1627522246,281
1627522268,277
1627522274,277
1627522295,275
1627522301,274
1627522306,275
1627522312,277
1627522317,278
1627522322,279
1627522333,280
1627522339,280
1627522355,281
1627522361,283
1627522377,386
1627522419,390
1627522430,383
1627522446,291
1627522452,295
1627522457,280
1627522463,269
1627522468,297
1627522479,288
1627522500,284
1627522506,282
1627522550,298
1627522577,292
1627522593,287
1627522615,299
1627522621,302
1627522626,278
1627522637,297
1627522642,290
1627522648,283
1627522653,274
1627522659,271
1627522675,270
1627522681,272
1627522686,272
1627522697,274
1627522708,273
1627522724,273
1627522740,275
1627522746,274
1627522757,275
1627522773,290
1627522778,298
1627522806,312
1627522811,323
1627522817,304
1627522822,289
1627522828,274
1627522839,291
1627522844,285
1627522849,280
1627522855,278
1627522871,276
1627522893,276
1627522898,294
1627522904,302
1627522915,290
1627522925,279
1627522953,269
1627522969,275
1627522975,279
1627522980,283
1627522991,280
1627523007,296
1627523012,292
1627523018,287
1627523034,294
1627523045,303
1627523056,383
1627523078,310
1627523083,289
1627523089,277
1627523094,315
1627523100,292
1627523116,280
1627523121,283
1627523132,363
1627523153,385
1627523175,373
1627523180,280
1627523185,268
1627523191,296
1627523217,385
1627523248,385
1627523285,271
1627523291,286
1627523301,317
1627523307,284
1627523334,285
1627523340,312
1627523356,305
1627523362,288
1627523378,293
1627523384,346
1627523438,337
1627523444,392
1627523459,392
1627523475,312
1627523542,385
1627523573,386
1627523589,386
1627523604,387
1627523651,387
1627523697,387
1627523743,387
1627523759,387
1627523805,387
1627523867,387
1627523894,387
1627523916,345
1627523921,346
1627523927,379
1627523932,288
1627523969,490
1627523980,491
1627523985,489
1627524063,-379
1627524078,0
1627524109,-390
1627524186,-412
1627524232,0
1627524294,0
1627524310,0
1627524341,0
1627524372,0
1627524387,0
1627524402,0
1627524464,0
1627524479,0
1627524495,0
1627524526,-515
1627524541,-321
1627524556,-269
1627524618,-363
1627524634,-362
1627524649,-362
1627524695,-386
1627524742,-381
1627524803,-273
1627524834,-377
1627524850,-377
1627524896,-351
1627524927,-331
1627524958,-382
1627524989,-390
1627525004,-250
1627525066,-343
1627525081,-330
1627525097,-271
1627525112,-389
1627525174,-387
1627525190,-352
1627525313,-350
1627525329,-349
1627525359,-350
1627525406,-349
1627525421,-350
1627525437,-350
1627525483,-352
1627525498,-352
1627525560,-281
1627525637,-259
1627525653,-232
1627525668,-352
1627525730,-368
1627525761,-770
1627525792,-770
1627525807,-730
1627525828,328
1627525833,267
1627525839,308
1627525844,282
1627525861,261
1627525866,272
1627525882,261
1627525888,265
1627525893,290
1627525921,316
1627525952,337
1627525967,337
1627525982,481
1627525998,478
1627526044,477
1627526121,479
1627526137,482
1627526152,482
1627526183,482
1627526229,-770
1627526245,-770
1627526260,-770
1627526291,-770
1627526322,-770
1627526353,468
1627526368,468
1627526384,468
1627526399,469
1627526415,468
1627526427,400
1627526437,327
1627526443,365
1627526454,342
1627526459,317
1627526470,364
1627526476,345
1627526487,337
1627526492,362
1627526498,318
1627526514,417
1627526519,483
1627526551,486
1627526597,490
1627526609,408
1627526620,423
1627526635,488
1627526651,490
1627526679,514
1627526685,486
1627526696,414
1627526702,361
1627526718,347
1627526729,368
1627526734,372
1627526740,387
1627526751,492
1627526772,497
1627526792,442
1627526798,346
1627526803,355
1627526809,346
1627526819,338
1627526841,355
1627526846,350
1627526852,347
1627526879,329
1627526885,326
1627526890,320
1627526895,321
1627526901,322
1627526906,320
1627526923,325
1627526939,326
1627526944,321
1627526961,325
1627526982,327
1627526999,407
1627527010,357
1627527015,341
1627527026,323
1627527032,323
1627527048,323
1627527053,325
1627527059,328
1627527064,330
1627527081,329
1627527086,328
1627527103,325
1627527108,327
1627527113,325
1627527124,322
1627527130,326
1627527135,332
1627527141,332
1627527157,340
1627527163,340
1627527173,331
1627527179,328
1627527190,352
1627527195,364
1627527201,342
1627527222,320
1627527228,321
1627527244,311
1627527255,307
1627527277,310
1627527299,479
1627527304,482
1627527315,369
1627527320,339
1627527331,353
1627527342,347
1627527364,318
1627527369,317
1627527375,314
1627527380,311
1627527391,311
1627527396,311
1627527413,309
1627527414,309
1627527414,311
1627527418,312
1627527445,311
1627527451,311
1627527462,309
1627527467,308
1627527472,308
1627527478,307
1627527483,308
1627527489,310
1627527500,316
1627527510,322
1627527544,323
1627527554,330
1627527587,327
1627527597,324
1627527603,322
1627527608,321
1627527614,321
1627527619,320
1627527625,317
1627527630,317
1627527636,321
1627527647,324
1627527652,323
1627527657,319
1627527679,315
1627527684,318
1627527690,325
1627527695,321
1627527701,318
1627527706,314
1627527711,309
1627527744,303
1627527766,316
1627527793,478
1627527804,408
1627527809,472
1627527886,483
1627527896,456
1627527924,478
1627527929,467
1627528386,345
1627528438,320
1627528449,474
1627528480,606
1627528496,-730
1627528560,426
1627528571,388
1627528576,441
1627528582,372
1627528599,446
1627528620,468
1627528636,469
1627528651,471
1627528666,472
1627528698,474
1627528713,472
1627528728,475
1627528759,476
1627528793,474
1627528806,448
1627530311,475
1627539763,466
1627539784,471
1627539861,472
1627539907,472
1627539922,472
1627539938,472
1627540000,472
1627540015,471
1627540031,472
1627540063,471
1627540077,471
1627540139,472
1627540170,472
1627540185,471
1627540200,471
1627540216,472
1627540231,472
1627540262,471
1627540278,472
1627540295,463
1627540301,320
1627540306,348
1627540312,479
1627540322,469
1627540328,479
1627540344,482
1627540374,490
1627540390,489
1627540436,489
1627540467,491
1627540513,493
1627540529,496
1627540544,496
1627540621,499
1627540683,502
1627540714,505
1627540745,504
1627540776,504
1627540822,505
1627540838,504
1627540884,506
1627540915,505
1627540946,507
1627541008,507
1627541054,508
1627541085,508
1627541162,508
1627541193,509
1627541223,509
1627541270,510
1627541285,510
1627541301,509
1627541332,510
1627541347,511
1627541378,511
1627541394,512
1627541486,512
1627541501,511
1627541517,521
1627541522,457
1627541539,482
1627541544,490
1627541560,352
1627541566,494
1627541581,505
1627541612,508
1627541643,511
1627541658,512
1627541674,511
1627541737,428
1627541748,329
1627541759,499
1627541764,503
1627541811,507
1627541845,360
1627541856,353
1627541870,387
1627541886,270
1627541891,270
1627541897,322
1627541928,403
1627541943,403
1627541974,403
1627542021,403
1627542036,403
1627542051,403
1627542104,300
1627542110,296
1627542115,293
1627542121,294
1627542126,295
1627542137,293
1627542164,387
1627542170,317
1627542175,316
1627542180,342
1627542186,307
1627542191,284
1627542202,298
1627542235,302
1627542240,312
1627542256,395
1627542267,395
1627542283,334
1627542289,281
1627542294,277
1627542299,308
1627542310,302
1627542316,293
1627542321,286
1627542337,295
1627542343,289
1627542354,388
1627542359,393
1627542391,394
1627542418,303
1627542424,277
1627542429,295
1627542434,268
1627542445,280
1627542451,276
1627542461,277
1627542472,281
1627542478,281
1627542488,282
1627542494,280
1627542500,278
1627542527,287
1627542532,281
1627542537,277
1627542559,293
1627542565,290
1627542575,281
1627542586,279
1627542597,280
1627542614,281
1627542619,281
1627542652,284
1627542657,285
1627542663,286
1627542668,285
1627542690,289
1627542695,285
1627542701,281
1627542706,277
1627542717,275
1627542750,278
1627542755,278
1627542772,291
1627542777,286
1627542788,281
1627542793,279
1627542826,276
1627542831,277
1627542848,279
1627542853,278
1627542858,276
1627542869,283
1627542875,295
1627542880,313
1627542902,297
1627542907,292
1627542913,278
1627542918,267
1627542929,281
1627542956,276
1627542962,275
1627542978,275
1627542989,274
1627543005,270
1627543021,293
1627543032,290
1627543043,288
1627543048,288
1627543054,290
1627543075,282
1627543081,286
1627543086,287
1627543097,308
1627543113,280
1627543119,277
1627543130,271
1627543140,274
1627543168,273
1627543173,276
1627543195,275
1627543211,276
1627543222,278
1627543244,304
1627543255,328
1627543260,390
1627543266,392
1627543271,393
1627543293,343
1627543298,288
1627543326,297
1627543331,286
1627543358,288
1627543364,288
1627543385,279
1627543391,277
1627543402,286
1627543418,281
1627543423,274
1627543429,299
1627543434,292
1627543445,284
1627543456,279
1627543461,277
1627543472,277
1627543478,281
1627543489,287
1627543521,289
1627543527,285
1627543538,299
1627543559,295
1627543570,307
1627543597,363
1627543608,302
1627543619,276
1627543635,276
1627543641,319
1627543662,295
1627543668,305
1627543673,385
1627543700,390
1627543728,273
1627543734,333
1627543755,385
1627543786,387
1627543795,388
1627543801,316
1627543811,278
1627543822,276
1627543839,382
1627543894,375
1627543938,319
1627543943,364
1627543954,311
1627543960,301
1627543965,329
1627543981,293
1627543987,295
1627543992,283
1627543998,297
1627544009,340
1627544014,318
1627544019,288
1627544025,301
1627544047,308
1627544069,383
1627544084,390
1627544099,390
1627544115,390
1627544161,390
1627544177,390
1627544192,390
1627544223,390
1627544238,390
1627544253,363
1627544258,379
1627544283,392
1627544308,387
1627544314,282
1627544335,385
1627544350,386
1627544371,387
1627544382,282
1627544387,279
1627544395,385
1627544413,351
1627544435,355
1627544441,343
1627544459,338
1627544546,386
1627544562,386
1627544577,386
1627544592,386
1627544639,386
1627544670,386
1627544685,386
1627544732,386
1627544747,386
1627544754,386
1627544773,305
1627544786,315
1627544807,390
1627544822,390
1627544838,390
1627544884,390
1627544900,390
1627544931,390
1627545085,390
1627545106,294
1627545111,284
1627545148,395
1627545163,396
1627545179,395
1627545225,395
1627545240,395
1627545271,395
1627545395,395
1627545410,395
1627545441,395
1627545457,395
1627545472,395
1627545519,395
1627545534,395
1627545550,395
1627545581,395
1627545596,396
1627545627,395
1627545642,395
1627545689,395
1627545704,395
1627545808,392
1627545838,392
1627545869,392
1627545916,392
1627546008,392
1627546024,392
1627546039,392
1627546070,392
1627546101,392
1627546116,392
1627546131,392
1627546163,392
1627546224,392
1627546271,392
1627546364,392
1627546410,392
1627546425,392
1627546487,392
1627546502,392
1627546580,392
1627546611,392
1627546688,393
1627546750,392
1627546765,392
1627546780,392
1627546827,392
1627546842,392
1627546858,392
1627546904,392
1627546935,392
1627546950,392
1627546966,392
1627546997,392
1627547028,392
1627547089,392
1627547105,392
1627547172,396
1627547203,396
1627547234,396
1627547250,396
1627547296,396
1627547327,396
1627547343,396
1627547389,396
1627547435,396
1627547450,396
1627547466,396
1627547482,396
1627547497,396
1627547528,396
1627547574,396
1627547605,396
1627547636,397
1627547652,396
1627547667,396
1627547713,397
1627548729,0
1627548776,0
1627548791,0
1627548822,243
1627548868,243
1627548899,246
1627548930,243
1627548992,245
1627549007,245
1627549038,244
1627549131,214
1627549146,232
1627549177,213
1627549224,316
1627549239,316
1627549331,308
1627549378,308
1627549409,307
1627549424,308
1627549455,308
1627549470,307
1627549532,317
1627549609,311
1627549625,313
1627549656,-770
1627549702,-518
1627549748,0
1627549779,-331
1627549825,-307
1627549841,-300
1627549887,-313
1627549934,-406
1627549949,-421
1627549965,-386
1627549995,-415
1627550011,-202
1627550026,-406
1627550057,-403
1627550073,-393
1627550088,0
1627550104,-649
1627550134,-421
1627550150,0
1627550165,-411
1627550196,0
1627550243,-408
1627550258,0
1627550274,0
1627550289,0
1627550305,0
1627550320,0
1627550351,0
1627550397,0
1627550474,0
1627550505,-765
1627550567,-770
1627550598,0
1627550629,0
1627550691,-306
1627550706,0
1627550722,215
1627550737,298
1627550799,298
1627550814,299
1627550845,302
1627550876,-770
1627550891,0
1627550953,-487
1627550968,-760
1627550984,-756
1627550999,-770
1627551015,-770
1627551030,440
1627551038,438
1627551049,351
1627551054,357
1627551070,363
1627551092,332
1627551098,322
1627551103,331
1627551142,439
1627551158,439
1627551173,438
1627551188,440
1627551204,439
1627551219,440
1627551235,438
1627551250,439
1627551297,444
1627551312,445
1627551343,444
1627551389,443
1627551420,443
1627551436,444
1627551451,446
1627551466,445
1627551482,444
1627551528,449
1627551543,446
1627551590,445
1627551651,447
1627551698,446
1627551729,447
1627551744,448
1627551775,452
1627551806,506
1627551837,-770
1627551868,-770
1627551914,-770
1627551930,-770
1627551945,-770
1627551991,-770
1627552007,-770
1627552022,-770
1627552038,-770
1627552053,-770
1627552068,-770
1627552084,-770
1627552146,-770
1627552161,-770
1627552192,302
1627552223,453
1627552254,453
1627552269,454
1627552285,456
1627552300,456
1627552321,372
1627552327,390
1627552332,453
1627552338,461
1627552343,463
1627552359,464
1627552389,468
1627552436,468
1627552467,469
1627553077,0
1627553138,0
1627553168,0
1627553199,0
1627553229,0
1627553260,0
1627553290,0
1627553381,0
1627553412,0
1627553503,0
1627553583,0
1627553716,0
1627553746,0
1627553838,0
1627553868,0
1627553899,0
1627553971,456
1627553987,451
1627554013,453
1627554018,453
1627554024,452
1627554040,438
1627554046,452
1627554053,453
1627554085,406
1627554091,441
1627554118,359
1627554129,334
1627554145,342
1627554172,433
1627554183,302
1627554312,408
1627554354,455
1627554370,456
1627554463,459
1627554478,460
1627554555,466
1627554571,467
1627554602,412
1627554608,335
1627554613,356
1627554618,347
1627554629,346
1627554640,321
1627554651,325
1627554662,456
1627554667,460
1627554673,463
1627554709,466
1627554725,465
1627554762,321
1627554767,349
1627554773,345
1627554783,363
1627554794,341
1627554811,311
1627554816,310
1627554821,317
1627554843,309
1627554849,305
1627554854,307
1627554892,302
1627554914,307
1627554935,453
1627554952,343
1627554974,333
1627554990,309
1627554995,307
1627555006,306
1627555012,330
1627555017,322
1627555023,308
1627555028,303
1627555039,305
1627555044,304
1627555061,303
1627555066,302
1627555072,301
1627555099,305
1627555109,307
1627555115,309
1627555120,305
1627555126,307
1627555137,306
1627555158,306
1627555175,303
1627555180,303
1627555185,309
1627555191,304
1627555202,301
1627555207,307
1627555213,306
1627555218,304
1627555229,317
1627555234,398
1627555240,461
1627555245,462
1627555261,463
1627555328,318
1627555338,320
1627555344,336
1627555360,324
1627555377,316
1627555382,312
1627555393,306
1627555399,308
1627555404,306
1627555409,304
1627555420,307
1627555431,308
1627555437,308
1627555442,308
1627555458,308
1627555474,308
1627555480,305
1627555496,306
1627555502,307
1627555507,317
1627555513,313
1627555518,310
1627555524,312
1627555534,310
1627555551,311
1627555583,309
1627555589,309
1627555594,309
1627555611,308
1627555616,310
1627555654,311
1627555665,311
1627555670,311
1627555681,313
1627555714,322
1627555725,320
1627555741,324
1627555746,322
1627555752,328
1627555757,327
1627555768,340
1627555779,358
1627555796,465
1627555801,465
1627555816,471
1627555832,475
1627555839,472
1627555845,350
1627555856,470
1627556382,475
1627556397,625
1627561171,305
1627561193,312
1627561205,312
1627561220,402
1627561329,380
1627561405,380
1627561452,380
1627561560,381
1627561591,381
1627561622,381
1627561653,380
1627561668,380
1627561699,384
1627561714,384
1627561745,384
1627561807,384
1627561823,385
1627561838,384
1627561853,384
1627561869,385
1627561891,374
1627561902,381
1627561907,297
1627561928,371
1627561938,421
1627561954,341
1627561990,492
1627562006,494
1627562067,497
1627562083,497
1627562098,497
1627562122,353
1627562127,425
1627562138,496
1627562144,497
1627562174,473
1627562205,474
1627562221,478
1627562252,480
1627562276,353
1627562287,347
1627562292,352
1627562298,372
1627562303,365
1627562309,325
1627562314,350
1627562320,322
1627562325,376
1627562330,416
1627562341,490
1627562358,492
1627562363,492
1627562374,486
1627562385,418
1627562407,331
1627562412,377
1627562423,350
1627562440,329
1627562445,338
1627562450,350
1627562456,359
1627562467,488
1627562519,497
1627562538,330
1627562549,329
1627562572,440
1627562583,366
1627562588,386
1627562594,350
1627562599,340
1627562610,333
1627562615,326
1627562642,316
1627562648,328
1627562653,466
1627562712,344
1627562717,312
1627562733,320
1627562755,339
1627562760,343
1627562771,378
1627562782,335
1627562788,323
1627562793,367
1627562804,346
1627562809,343
1627562826,333
1627562847,357
1627562853,352
1627562863,343
1627562869,336
1627562874,331
1627562880,336
1627562907,344
1627562924,492
1627562929,441
1627562935,343
1627562945,347
1627562967,355
1627563000,357
1627563022,352
1627563032,359
1627563049,391
1627563054,347
1627563065,366
1627563071,372
1627563076,352
1627563092,368
1627563098,320
1627563109,326
1627563141,385
1627563147,358
1627563163,404
1627563174,364
1627563179,336
1627563190,476
1627563201,407
1627563207,486
1627563224,328
1627563229,339
1627563245,459
1627563261,489
1627563292,490
1627563323,493
1627563400,500
1627563430,471
1627563441,395
1627563463,410
1627563484,390
1627563515,390
1627563530,390
1627563546,390
1627563561,390
1627563592,390
1627563623,390
1627563639,390
1627563654,390
1627563716,390
1627563731,390
1627563746,390
1627563762,390
1627563824,390
1627563839,390
1627563870,390
1627563885,390
1627563932,390
1627563947,390
1627563963,390
1627563993,390
1627564009,390
1627564040,390
1627564055,292
1627564086,287
1627564102,287
1627564117,287
1627564133,287
1627564148,287
1627564163,287
1627564179,287
1627564194,295
1627564225,287
1627564318,287
1627564395,287
1627564410,287
1627564426,287
1627564457,287
1627564472,287
1627564534,394
1627564595,395
1627564611,395
1627564642,395
1627564673,395
1627564704,395
1627564719,395
1627564750,395
1627564812,398
1627564827,395
1627564858,395
1627564914,308
1627564972,392
1627564987,393
1627565008,381
1627565013,396
1627565030,331
1627565035,298
1627565041,278
1627565051,278
1627565057,281
1627565068,385
1627565073,352
1627565079,387
1627565163,395
1627565186,395
1627565233,0
1627565264,-770
1627565279,0
1627565295,-252
1627565310,-397
1627565341,0
1627565372,-485
1627565418,-400
1627565433,0
1627565449,0
1627565464,-770
1627565480,-767
1627565495,-706
1627565526,490
1627565557,630
1627565573,-746
1627565588,0
1627565603,0
1627565650,0
1627565696,-419
1627565742,-403
1627565773,-412
1627565866,0
1627565881,-427
1627565943,0
1627566005,-770
1627566020,-677
1627566036,0
1627566052,-422
1627566175,-451
1627566190,-427
1627566221,0
1627566237,0
1627566268,-466
1627566283,-391
1627566314,-761
1627566329,-766
1627566391,0
1627566407,0
1627566422,-267
1627566437,-738
1627566468,-438
1627566530,467
1627566561,-770
1627566592,-628
1627566608,-224
1627566623,-319
1627566638,-294
1627566685,-770
1627566700,-770
1627566736,432
1627566742,367
1627566747,352
1627566753,359
1627566764,358
1627566780,458
1627566796,459
1627566807,460
1627566812,427
1627566828,449
1627566846,461
1627566857,444
1627566867,398
1627566867,397
1627566878,332
1627566884,365
1627566900,314
1627566921,323
1627566922,324
1627566927,358
1627566933,325
1627566944,342
1627567038,337
1627567049,373
1627567067,474
1627567074,395
1627567079,427
1627567095,349
1627567123,328
1627567133,316
1627567139,342
1627567150,422
1627567160,344
1627567171,322
1627567187,316
1627567193,319
1627567198,323
1627567209,335
1627567215,331
1627567225,339
1627567236,343
1627567264,344
1627567285,347
1627567291,334
1627567296,331
1627567301,331
1627567323,468
1627567329,472
1627567360,344
1627567366,382
1627567377,394
1627567393,335
1627567415,319
1627567420,321
1627567426,323
1627567436,358
1627567442,342
1627567447,338
1627567464,372
1627567485,469
1627567506,372
1627567516,321
1627567527,334
1627567533,329
1627567549,332
1627567560,458
1627567566,466
1627567582,348
1627567593,365
1627567598,338
1627567609,347
1627567631,456
1627567636,379
1627567664,472
1627567695,476
1627567710,477
1627567741,477
1627567756,478
1627567761,411
1627567766,386
1627567772,476
1627568199,-769
1627568214,-770
1627568261,-770
1627568292,-770
1627568322,-770
1627568338,-770
1627568353,-770
1627568368,253
1627568379,254
1627568385,233
1627568390,236
1627568397,252
1627568413,210
1627568418,214
1627568424,220
1627568429,234
1627568435,252
1627568440,239
1627568446,263
1627568457,280
1627573095,294
1627573100,293
1627573106,297
1627573117,297
1627573125,297
1627573130,297
1627573157,296
1627573354,290
1627573359,258
1627573365,250
1627573370,275
1627573378,281
1627573381,294
1627573392,298
1627573397,297
1627573459,380
1627573536,380
1627573551,380
1627573567,380
1627573598,380
1627573629,380
1627573659,380
1627573677,327
1627573693,295
1627573698,289
1627573704,296
1627573709,380
1627573720,384
1627573782,385
1627573813,385
1627573828,385
1627573861,367
1627573866,327
1627573899,280
1627573904,360
1627573931,320
1627573937,337
1627573958,386
1627573982,273
1627573993,315
1627573998,304
1627574003,300
1627574014,291
1627574020,287
1627574025,278
1627574041,293
1627574052,385
1627574079,387
1627574110,387
1627574135,316
1627574151,288
1627574173,284
1627574184,292
1627574189,311
1627574195,377
1627574222,315
1627574228,267
1627574233,307
1627574239,277
1627574244,300
1627574260,290
1627574266,295
1627574282,329
1627574319,389
1627574334,389
1627574365,390
1627574385,304
1627574390,280
1627574407,292
1627574417,275
1627574423,290
1627574428,380
1627574434,305
1627574444,298
1627574450,288
1627574461,283
1627574466,283
1627574477,288
1627574483,278
1627574493,294
1627574504,289
1627574515,289
1627574521,287
1627574542,288
1627574548,291
1627574559,289
1627574564,288
1627574570,288
1627574586,299
1627574597,345
1627574603,310
1627574608,284
1627574613,301
1627574619,294
1627574624,302
1627574630,375
1627574651,387
1627574672,389
1627574694,303
1627574705,281
1627574716,305
1627574721,293
1627574727,286
1627574732,280
1627574743,300
1627574749,369
1627574754,389
1627574787,387
1627574792,326
1627574797,290
1627574803,299
1627574814,327
1627574819,299
1627574825,283
1627574830,307
1627574835,296
1627574841,289
1627574852,271
1627574873,323
1627574884,390
1627574890,390
1627574900,319
1627574917,288
1627574938,281
1627574960,300
1627574982,302
1627574987,291
1627574993,289
1627575004,289
1627575009,290
1627575014,290
1627575025,290
1627575031,305
1627575036,366
1627575054,331
1627575059,302
1627575064,317
1627575086,311
1627575092,303
1627575097,299
1627575108,288
1627575113,284
1627575119,282
1627575124,294
1627575130,304
1627575173,303
1627575184,333
1627575195,298
1627575206,393
1627575238,279
1627575244,291
1627575266,265
1627575276,336
1627575282,393
1627575287,274
1627575298,276
1627575304,294
1627575315,286
1627575331,276
1627575353,264
1627575369,284
1627575374,276
1627575391,310
1627575402,282
1627575418,285
1627575429,318
1627575440,305
1627575467,308
1627575472,297
1627575478,297
1627575483,307
1627575499,313
1627575510,301
1627575515,319
1627575526,287
1627575532,304
1627575537,304
1627575543,307
1627575554,315
1627575559,388
1627575575,395
1627575601,397
1627575648,397
1627575710,398
1627575750,308
1627575801,399
1627575816,399
1627575862,399
1627575878,399
1627575924,399
1627575940,399
1627575955,399
1627575967,399
1627576014,316
1627576060,315
1627577113,315
1627577144,315
1627577175,315
1627577221,315
1627577236,317
1627577252,315
1627577283,315
1627577360,315
1627577375,316
1627577453,316
1627577468,317
1627577499,316
1627577514,317
1627577530,316
1627577545,322
1627577609,316
1627577622,316
1627577653,318
1627577746,317
1627577761,317
1627577776,317
1627577792,318
1627577807,317
1627577869,318
1627577884,316
1627577900,317
1627577946,317
1627577977,318
1627578023,318
1627578039,318
1627578070,324
1627578116,319
1627578132,318
1627578162,319
1627578224,318
1627578241,318
1627578286,317
1627578301,320
1627578318,317
1627578409,319
1627578440,317
1627578517,319
1627578532,317
1627578594,317
1627578609,318
1627578640,318
1627578656,319
1627578686,318
1627578795,319
1627578810,318
1627578825,319
1627578887,319
1627578933,319
1627578948,318
1627578980,318
1627578996,319
1627579010,318
1627579056,319
1627579072,319
1627579165,321
1627579196,318
1627579217,318
1627579272,318
1627579335,319
1627579389,317
1627579389,320
1627579506,319
1627579518,318
1627579618,318
1627579618,318
1627579695,317
1627579695,319
1627579711,318
1627579724,319
1627579754,317
1627579761,318
1627579772,320
1627579783,318
1627579798,319
1627579834,316
1627579855,317
1627579914,318
1627579949,319
1627579974,319
1627580052,318
1627580122,318
1627580124,316
1627580125,318
1627580125,324
1627580137,319
1627580183,319
1627580214,319
1627580260,324
1627580275,318
1627580399,317
1627580445,317
1627580476,319
1627580491,319
1627580522,317
1627580553,319
1627580584,319
1627580599,319
1627580646,321
1627580672,314
1627580678,308
1627580683,268
1627580694,263
1627580706,310
1627580712,314
1627580741,487
1627580811,472
1627580826,474
1627580857,475
1627580873,478
1627580904,-604
1627580965,-389
1627580996,-381
1627581058,-330
1627581073,-364
1627581104,-291
1627581135,-230
1627581166,0
1627581181,0
1627581212,-637
1627581227,309
1627581243,-770
1627581273,-498
1627581320,0
1627581335,0
1627581351,0
1627581366,0
1627581443,0
1627581489,0
1627581505,0
1627581520,0
1627581582,0
1627581628,0
1627581643,0
1627581659,0
1627581705,0
1627581721,0
1627581736,0
1627581752,0
1627581767,0
1627581844,0
1627581859,0
1627581875,0
1627581890,-770
1627581906,-770
1627581921,0
1627581936,322
1627581967,318
1627581983,317
1627582014,321
1627582075,577
1627582106,267
1627582111,264
1627582116,285
1627582122,265
1627582129,276
1627582143,305
1627582147,253
1627582155,261
1627582160,308
1627582171,262
1627582224,308
1627582239,480
1627582255,478
1627582363,476
1627582378,534
1627582424,535
1627582467,386
1627582508,483
1627582524,485
1627582539,485
1627582555,486
1627582570,489
1627582586,490
1627582601,490
1627582647,317
1627582724,319
1627582740,318
1627582771,319
1627582786,319
1627582801,318
1627582863,317
1627582879,318
1627582909,318
1627582925,319
1627582940,319
1627582956,320
1627583017,319
1627583048,318
1627583079,317
1627583094,316
1627583110,319
1627583171,320
1627583187,319
1627583202,318
1627583218,319
1627583249,317
1627583295,318
1627583310,319
1627583326,318
1627583341,319
1627583356,318
1627583372,318
1627583387,319
1627583434,319
1627583449,318
1627583542,318
1627584538,250
1627584544,292
1627584549,274
1627584555,255
1627584566,250
1627584609,313
1627584614,312
1627584636,281
1627584642,291
1627584658,310
1627584674,260
1627584680,258
1627584685,261
1627584690,256
1627584696,253
1627584701,262
1627584712,253
1627584718,253
1627584729,256
1627584734,259
1627584739,260
1627584745,250
1627584750,268
1627584761,270
1627584783,266
1627584788,305
1627584794,302
1627584821,265
1627584827,272
1627584832,279
1627584837,266
1627584865,254
1627584870,256
1627584876,256
1627584881,258
1627584897,266
1627584903,281
1627584908,283
1627584914,263
1627584925,269
1627584930,260
1627584935,258
1627584941,261
1627584958,261
1627585007,277
1627585028,261
1627585039,258
1627585077,268
1627585083,261
1627585088,262
1627585094,266
1627585099,263
1627585104,262
1627585126,281
1627585132,263
1627585137,275
1627585153,262
1627585175,265
1627585180,265
1627585202,266
1627585213,263
1627585219,262
1627585229,262
1627585246,267
1627585251,270
1627585256,267
1627585262,267
1627585273,293
1627585278,326
1627585289,264
1627585295,272
1627585300,277
1627585311,333
1627585316,334
1627585322,272
1627585327,261
1627585333,270
1627585349,262
1627585360,282
1627585398,282
1627585437,267
1627585469,267
1627585475,284
1627585486,331
1627585491,334
1627585497,334
1627585502,276
1627585518,333
1627585550,342
1627585566,340
1627585581,341
1627585654,328
1627585660,306
1627585898,334
1627585916,327
1627585944,326
1627586006,327
1627586021,328
1627586083,328
1627586098,327
1627586129,327
1627586145,328
1627586160,327
1627586176,328
1627586191,468
1627586207,468
1627586268,470
1627586299,471
1627586616,460
1627586635,363
1627586648,479
1627586688,552
1627586781,-770
1627586812,-770
1627586843,-770
1627586858,-770
1627586876,354
1627586886,348
1627586892,323
1627586903,385
1627607484,336
1627607500,388
1627607506,433
1627607512,426
1627607517,331
1627607522,366
1627607544,428
1627607560,472
1627607566,472
1627607586,357
1627607592,317
1627607597,321
1627607603,362
1627607619,360
1627607630,373
1627607635,472
1627607641,450
1627607653,355
1627607662,461
1627607668,470
1627607673,472
1627607684,464
1627607690,471
1627607700,382
1627607711,339
1627607717,428
1627607722,470
1627607733,358
1627607739,328
1627607744,373
1627607749,465
1627607755,435
1627608751,366
1627608762,312
1627608778,317
1627608784,459
1627608795,472
1627609488,316
1627609499,393
1627609505,305
1627609510,310
1627609526,314
1627609531,344
1627609537,324
1627609553,328
1627609564,459
1627609569,475
1627609575,476
1627609615,331
1627609620,355
1627609625,330
1627609642,321
1627609658,330
1627609663,385
1627609669,472
1627609674,387
1627609680,349
1627609702,329
1627609723,440
1627609751,480
1627609761,408
1627609767,466
1627609772,442
1627609779,333
1627609790,444
1627609795,311
1627609833,365
1627609844,473
1627609906,479
1627609922,480
1627609968,483
